pk,jsondata,polymorphic_type,id,name,description,markup_description,date
1,{},custom,1,1,,,
2,{},custom,2,2,,,
3,{},custom,3,3,,,
4,{},custom,4,4,,,
5,{},custom,5,5,,,
6,{},custom,6,6,,,
7,{},custom,7,7,,,
8,{},custom,8,8,,,
9,{},custom,9,9,,,
10,{},custom,10,10,,,
11,{},custom,11,11,,,
12,{},custom,12,12,,,
13,{},custom,13,13,,,
14,{},custom,14,14,,,
15,{},custom,15,15,,,
16,{},custom,16,16,,,
17,{},custom,17,17,,,
18,{},custom,18,18,,,
19,{},custom,19,19,,,
20,{},custom,20,20,,,
21,{},custom,21,21,,,
22,{},custom,22,22,,,
23,{},custom,23,23,,,
24,{},custom,24,24,,,
25,{},custom,25,25,,,
26,{},custom,26,26,,,
27,{},custom,27,27,,,
28,{},custom,28,28,,,
29,{},custom,29,29,,,
30,{},custom,30,30,,,
31,{},custom,31,31,,,
32,{},custom,32,32,,,
33,{},custom,33,33,,,
34,{},custom,34,34,,,
35,{},custom,35,35,,,
36,{},custom,36,36,,,
